Song ID,Predicted Genre,Ambient,Deep House,Techno,Trance,Progressive House
Jerro - Demons feat. Sophia Bel (Massane Remix),Ambient,0.653242290019989,0.3280983567237854,0.0007094230386428535,0.00018994677520822734,0.017760008573532104
X2Download.app - Martin Garrix feat. John Martin - Higher Ground (Official Video) (320 kbps),Progressive House,0.2336292415857315,0.04673514887690544,0.0009230572613887489,6.576363375643268e-05,0.7186468243598938
Axwell & Shapov - Belong (Axwell & Years Remode) Official Video (320 kbps),Progressive House,0.17490720748901367,0.06291603296995163,0.0036861796397715807,0.0075399852357804775,0.7509505152702332
